id,elements,run1,run2,run3,native,memory
45663858,4,12,2,2,21,8800
45189192,5,5,1,1,15,8798
45659134,670,111,19,18,41,8850
43848857,8,1,0,0,13,8798
45645214,20,2,1,0,12,8798
45681679,1585,46,35,33,31,8870
45626303,34479,552,461,429,135,8968
31407428,562,10,7,7,22,8846
45670177,6,0,0,0,26,8823
45688737,83,1,1,1,8,8875
45690722,10,0,0,0,22,8824
40262940,661,11,9,9,9,8900
45677011,2050,30,26,27,33,8917
44351252,27,3,0,0,25,8826
43767586,30,0,0,1,19,8822
45648751,44,1,1,1,20,8823
45294601,78,3,1,1,18,8822
45653462,0,0,0,0,19,8822
43767575,24,0,0,0,8,8870
43986729,63,4,1,2,17,8822
44890653,0,0,0,0,7,8874
45691244,2,0,0,2,15,8822
30379571,75,1,1,1,9,8870
45640477,4,0,0,0,30,8821
45602746,91,3,1,1,9,8869
45227818,6,0,0,0,18,8823
35488776,1341,25,20,20,15,8935
44957167,10,0,0,0,16,8823
44052548,965,48,13,12,14,8951
45588258,9930,160,128,127,46,9267
39280950,181,6,3,3,38,8837
45476601,25,0,0,0,8,8885
38404682,409,7,5,5,13,8953
44466499,13,0,0,0,20,8830
44796114,0,0,0,0,7,8878
34903206,5168,102,66,64,30,9158
43911140,30,1,0,0,28,8834
45145839,295,8,4,5,8,8894
35903604,4515,63,51,54,24,9142
44466494,7,0,0,0,24,8839
44860719,263,6,3,3,8,8895
45662198,4,0,0,0,12,8947
45587813,0,0,0,0,11,8995
45354806,4,0,0,0,31,8838
45215446,4,0,0,0,7,8886
45608522,3,0,0,0,14,8934
44039414,289,7,4,3,8,8994
45676438,7,0,0,0,11,9046
40529059,214,10,2,2,13,9102
42961812,240,7,3,3,13,9166
37326607,3113,53,41,42,23,9362
45689855,6,0,0,0,14,9414
44684587,56,1,1,0,11,9462
41303639,41,1,0,0,12,9514
41541297,6,0,0,0,13,9566
41303653,40,1,0,0,13,9614
45581059,493,7,6,5,15,9686
44816074,18,0,0,0,13,9738
44677660,4,0,0,0,13,9786
45573536,11,0,0,0,34,8842
45612047,0,0,0,0,15,8890
44982399,29,2,1,0,10,8938
41785846,6112,1454,76,72,45,9383
45344642,60,4,0,0,14,9431
43452940,2951,47,34,33,22,9623
45587814,0,0,0,0,9,9675
42961809,220,5,2,2,16,9731
45676436,14,0,0,0,15,9783
45019305,881,32,10,10,23,9907
44856124,11,0,0,0,15,9959
45153216,65,1,0,0,15,10007
42475691,0,0,0,0,6,10059
45653588,30,0,0,0,6,10107
44750753,6,0,0,0,12,10159
45654046,52,1,0,0,15,10207
45678232,6,0,0,0,15,10259
45679170,5,0,0,0,15,10307
45564126,617,24,7,7,17,10403
44950039,10,0,0,0,15,10455
45636019,40,3,1,0,34,8850
45682680,20535,333,275,270,103,9902
45583314,397,6,4,4,8,9966
44834897,0,0,0,0,6,10018
41103742,2,0,0,0,6,10070
44423661,39,1,0,0,7,10118
45674412,5,0,0,0,6,10170
42948961,85,1,1,1,7,10218
45621616,3,0,0,0,6,10270
44677655,2,0,0,0,6,10318
34199704,913,14,10,10,11,10406
43312441,71,1,1,1,7,10458
45581061,492,6,6,5,8,10526
45354565,29771,508,448,429,111,11958
45234881,1,1,0,0,14,12010
44960364,4,0,0,0,14,12058
45249341,3442,55,41,40,66,9006
44191943,59,1,0,0,8,9058
42863101,68,1,0,0,14,9110
45461887,6,0,0,0,14,9162
44765672,7,0,0,0,14,9210
45570018,434,18,7,5,15,9278
45678358,52,1,0,0,17,9330
45639103,64,1,0,0,7,9382
45240739,23,0,0,0,7,9434
40976885,21,0,0,0,7,9486
45684059,6,0,0,0,7,9534
26669630,1461,24,18,17,12,9654
44896435,7,0,0,0,7,9706
45662931,62,1,1,0,7,9754
45235954,2416,34,34,26,15,9910
10692234,39432,669,525,548,133,11966
45638869,49,2,2,1,76,8847
45452380,8,0,0,0,16,8895
44787938,150,3,2,2,10,8951
45354804,0,0,0,0,7,9003
29007795,1258,23,18,17,12,9111
44717524,6,0,0,0,7,9163
43098429,509,8,6,5,10,9231
44896410,7,0,0,0,6,9283
45102361,1273,23,16,16,14,9391
45564524,319,10,4,4,8,9459
45535675,4,0,0,0,6,9511
43094246,393,6,4,4,9,9579
45649712,99,2,1,1,7,9631
45648610,3,0,0,0,6,9683
44242814,5,0,0,0,6,9731
41962495,14,0,0,0,7,9783
38400301,3067,62,43,42,63,8999
45564560,650,25,8,7,16,9095
43251897,146,2,2,1,7,9151
44608600,110,2,1,1,7,9207
42368837,4,0,0,0,6,9259
45623070,66,1,0,0,7,9307
45680919,356,9,4,4,8,9379
44675241,22,0,0,0,7,9431
45677607,315,5,3,4,10,9495
40183043,3425,56,47,46,20,9719
45564374,638,22,7,7,9,9819
43878700,9,0,0,0,7,9871
37196932,4198,58,47,48,18,10107
44994521,6,0,0,0,8,10159
45564050,566,17,6,6,9,10247
45688013,2637,39,30,29,15,10411
34903199,5171,92,70,62,73,9079
34249026,119,2,1,1,14,9131
45681237,328,10,4,3,8,9203
45657091,2,0,0,0,6,9255
41542210,113,1,1,1,7,9303
45160202,5,0,0,0,6,9355
45453501,7,0,0,0,6,9407
10692522,0,0,0,0,6,9455
45547220,4,0,0,0,7,9503
45418716,6,0,0,0,7,9551
44848432,208,4,2,2,7,9611
38873437,3669,57,47,44,19,9831
45598982,5,0,0,0,7,9883
44915666,37,0,0,0,7,9931
45677157,168,3,2,1,7,9991
45078532,18,0,0,0,7,10043
43514642,128,3,4,4,27,8849
45602764,60,1,0,0,8,8901
45596039,9,0,0,0,7,8953
45510131,71,1,1,1,7,9005
36867165,2066,38,30,29,15,9157
43799848,4,0,0,0,7,9209
44531233,10,0,0,0,7,9257
45620344,10093,164,132,128,45,9809
45642474,4895,71,58,56,25,10093
44755472,7,0,0,0,7,10145
19544597,1083,19,16,15,12,10249
45678040,83,1,1,1,7,10305
45554847,4,0,0,0,6,10357
45648785,6,0,0,0,6,10405
41778360,236,3,2,2,9,10465
44890358,8,0,0,0,6,10517
44371872,16,0,0,2,29,8848
45212829,8,0,0,0,11,8896
19544601,953,15,14,14,11,8984
45538010,52,1,0,0,7,9036
41491219,598,11,8,8,10,9116
43748851,6,0,0,0,7,9168
45452288,405,7,5,5,9,9232
44801792,48,1,0,0,7,9284
45689863,4,0,0,0,7,9336
45619024,4,0,0,0,6,9388
44583059,33651,564,465,466,133,11200
45681038,479,14,5,5,8,11280
45674884,6,0,0,0,7,11332
41542220,0,0,0,0,6,11384
36335371,1265,18,14,13,11,11488
45648291,1686,23,18,18,14,11612
45631781,6,0,0,0,30,8846
43440115,0,0,0,0,10,8894
44785385,4374,75,85,57,28,9138
45636035,41,0,0,0,7,9190
39350039,304,4,3,3,8,9254
45590908,1007,51,12,15,10,9394
45599363,57,1,0,0,7,9446
45146482,6,0,0,0,7,9498
44924717,23,0,0,0,7,9546
45687019,6,0,0,0,7,9598
45019316,862,40,10,10,11,9714
45626254,34479,530,426,446,112,11362
45244238,3,0,0,0,9,11414
41449972,623,8,6,6,9,11486
44392410,5,0,0,0,7,11538
45595164,75,1,0,0,7,11590
45540072,11,0,0,0,41,8846
44765691,0,0,0,0,20,8894
43920965,6,0,0,0,11,8942
45669525,4,0,0,0,7,8990
38514694,988,19,11,12,13,9090
44590764,1175,18,15,14,11,9198
45660872,38,0,0,0,7,9250
45109681,3,0,0,0,7,9298
45675867,8663,135,105,103,31,9750
45039018,0,0,0,0,7,9802
45044456,44,0,0,0,7,9850
39045411,1710,25,20,20,12,9982
45592613,23,0,0,0,7,10034
44522623,5,0,0,0,6,10086
45646825,10028,149,121,121,35,10614
45418712,12,0,0,0,7,10666
45210144,2201,41,29,29,50,8959
45670443,108,2,1,1,8,9011
33925711,6583,106,82,80,27,9379
45587815,0,0,0,0,7,9431
44791421,5,0,0,0,7,9483
35179257,1567,23,18,17,11,9603
39099167,3531,51,40,40,15,9811
45681110,465,14,5,5,8,9891
42891533,30,0,0,0,7,9943
44793025,76,1,1,0,7,9995
45564453,277,9,3,3,7,10063
45691341,6,0,0,0,6,10115
43512689,4,0,0,0,6,10163
45472005,26519,399,322,321,80,11439
45587044,2094,30,23,23,14,11583
38590591,1143,18,15,17,10,11691
45646365,18,0,0,0,31,8847
44020448,6,0,0,0,12,8895
44952590,71,4,3,0,8,8943
45681293,498,18,6,5,8,9031
45019318,907,34,10,10,9,9155
4441291,15941,261,211,212,60,10043
44748453,26,0,0,0,7,10095
45433389,4,0,0,0,6,10143
45679052,6,0,0,0,7,10195
38788746,6120,111,73,75,24,9039
45680173,4,0,0,0,6,9087
45420591,41,0,0,0,7,9135
40641845,3426,51,41,44,16,9347
43838868,19,0,0,0,7,9399
44703564,53,1,0,0,7,9447
45625587,4,0,0,0,7,9499
37929256,1253,19,15,15,10,9607
45252058,18,0,0,0,7,9659
45172913,29,0,0,0,7,9707
44667578,82,1,1,1,7,9759
42441788,4,0,0,0,6,9811
45616316,509,7,5,5,8,9879
45344607,82,1,1,1,7,9931
45526553,2,0,0,0,6,9983
43911131,42,0,0,0,7,10035
45581631,32,0,0,0,7,10083
45657028,98,3,4,3,29,8847
45574271,7,0,0,0,9,8899
43848858,7,0,0,0,7,8947
44952602,59,1,0,0,7,8999
44933334,5,0,0,0,6,9051
45649698,140,3,1,1,7,9103
6222010,57,1,0,0,10,9155
43326580,478,7,5,5,8,9227
40529047,225,3,2,2,7,9287
44811199,6,0,0,0,6,9339
44836873,1,0,0,0,6,9387
25180076,26,0,0,0,8,9435
45690733,9,0,0,0,6,9487
44659491,17,0,0,0,7,9535
43831312,24,0,0,0,7,9587
45562994,122,1,1,1,7,9639
42631489,27,1,0,0,28,8847
45623376,5,0,0,0,10,8895
43394668,59,1,0,0,9,8943
45573301,2,0,0,0,6,8995
45377033,0,0,0,0,6,9047
42884271,146,2,1,1,7,9099
45563445,13,0,0,0,7,9151
25180038,74,1,1,0,7,9199
45406957,3,0,0,0,6,9251
45564603,572,16,6,6,8,9339
44002216,4,0,0,0,6,9391
40893183,4,0,0,0,7,9439
42475582,106,2,1,1,7,9491
44608613,118,2,1,1,7,9547
45654468,1,0,0,0,6,9599
37718583,884,14,11,11,9,9691
44791862,3,0,0,0,19,8847
44052684,989,54,11,11,13,8979
44967665,81,1,1,1,7,9031
45124980,4,0,0,0,7,9083
45671775,1074,14,11,11,9,9175
44526679,65808,1101,1064,1200,216,9425
36335369,1251,18,13,13,10,9525
45649454,5,0,0,0,6,9577
45564469,615,19,7,7,9,9673
45675333,1201,17,13,13,10,9777
45609861,3,0,0,0,7,9829
42631483,17,0,0,0,7,9877
44528654,41,0,0,0,7,9929
45665320,21478,389,273,274,69,11069
41016780,1530,25,18,18,11,11193
42039448,80,1,1,1,7,11245
45236940,7,0,0,0,7,11297
45661388,1842,28,21,21,12,11429
41513404,40,0,0,0,7,11481
29031895,415,7,5,5,8,11549
45594261,4,0,0,0,7,11601
44774309,77,1,1,1,7,11653
44777816,80,2,1,2,31,8847
41099273,95,5,2,1,9,8899
39854022,2947,48,38,37,17,9099
45489214,4,0,0,0,6,9151
42202121,744,11,9,8,9,9235
44815688,428,6,5,4,8,9303
44787960,148,3,1,1,7,9359
45488205,44,0,0,0,7,9411
45632584,185,4,2,2,7,9471
37380854,826,13,10,10,9,9563
45130927,4,0,0,0,7,9615
38219531,2083,32,25,25,13,9767
44257038,38,0,0,0,7,9819
44640729,132,3,1,1,7,9871
44431612,17,0,0,0,7,9923
45042820,61,1,0,0,7,9975
45351065,7363,110,92,88,53,9183
39503373,41,0,0,0,7,9235
45084934,8,0,0,0,8,9287
40982990,735,10,7,7,8,9367
45657026,106,2,1,1,7,9419
44890359,8,0,0,0,7,9471
44972807,102,2,1,1,7,9523
40664220,4,0,0,0,7,9575
45564267,550,17,6,6,8,9663
40427416,734,11,8,8,9,9747
41414286,885,14,11,11,9,9839
37380866,818,11,10,10,9,9927
42441435,303,4,3,3,7,9987
44847272,4,0,0,0,7,10039
44765671,7,0,0,0,7,10087
45579378,10,0,0,0,7,10139
45656962,97,2,22,1,32,8848
45579259,49,1,0,0,8,8900
45623059,56,1,0,0,7,8952
45641812,4,0,0,0,6,9004
45526453,47,0,0,0,7,9052
44877431,4,0,0,0,7,9104
45363050,9317,147,117,113,32,9604
45588714,5,0,0,0,7,9656
45262870,12,0,0,0,7,9704
40427498,789,9,8,8,9,9780
41491235,613,10,8,8,8,9860
44885422,0,0,0,0,7,9912
43692995,45,0,0,0,7,9964
45379779,3,0,0,0,7,10012
45660365,14279,232,192,190,50,10812
45578571,53499,885,780,768,151,13400
40955868,2754,44,33,32,35,8976
44848455,227,4,2,2,7,9040
45217338,0,0,0,0,7,9092
45617000,85,1,1,1,7,9140
37709920,1413,23,16,16,10,9260
45256196,4,0,0,0,7,9312
45632588,126,3,1,1,7,9364
45036647,296,8,3,3,8,9432
43219077,45,0,0,0,7,9484
45659772,6,0,0,0,7,9536
45522761,28,0,0,0,7,9584
44833469,6,0,0,0,7,9632
45039017,0,0,0,0,7,9684
44945893,6,0,0,0,6,9732
45690176,2510,39,29,29,14,9892
43118847,22,0,0,0,7,9944
45338182,18,0,0,0,23,8846
43488540,20,0,0,0,9,8894
45664493,5,0,0,0,8,8942
45425025,210,4,2,2,7,9002
43289895,47,1,0,0,7,9054
39199829,908,14,11,11,9,9146
45681098,467,15,5,5,8,9230
45514822,4,0,0,0,7,9282
44743631,5,0,0,0,7,9330
40972861,3618,54,43,43,16,9546
45571282,0,0,0,0,7,9598
45050417,3,0,0,0,7,9646
45057987,0,0,0,0,7,9694
45671339,6,0,0,0,7,9742
45678010,107,2,1,1,7,9794
43452942,2959,44,34,33,15,9982
45688406,4,0,0,0,20,8847
45321612,25,0,0,0,9,8895
44257040,39,1,0,0,8,8943
45682166,250,3,3,2,7,9003
45669704,119,2,1,1,7,9059
45591373,0,0,0,0,6,9111
45681386,668,21,8,8,9,9207
45636963,26708,423,326,325,83,10499
43708601,3,0,0,0,7,10551
44466488,23,0,0,0,7,10599
45660132,81,1,1,1,7,10651
45452406,8,0,0,0,6,10703
45676266,34,0,0,0,7,10755
41410474,7,0,0,0,7,10803
41024970,3701,52,42,41,16,11019
37709921,1404,17,15,15,10,11127
45362410,4,0,0,0,21,8847
43483259,5,0,0,0,9,8895
44972759,19,0,0,0,8,8943
45537874,6135,89,71,71,22,9267
45044460,32,0,0,0,7,9319
44610048,28,0,0,0,7,9371
44979269,38,0,0,0,7,9419
44636506,4,0,0,0,6,9471
45591195,1126,58,13,13,10,9623
44990573,5,0,0,0,7,9675
44141957,92,2,1,1,7,9727
45654724,6,0,0,0,7,9779
44642326,14565,213,170,171,45,10487
35379883,5361,84,62,61,22,10799
45661383,1835,27,21,21,11,10935
45644946,6,0,0,0,7,10987
40639675,0,0,0,0,21,8847
45611621,6,0,0,0,9,8895
45633661,2676,44,33,32,16,9067
44932670,3,0,0,0,7,9119
43939757,210,4,2,2,7,9179
43839266,74,1,0,0,7,9231
44167198,7,0,0,0,7,9283
45545328,298,4,3,3,7,9343
43104664,5,0,0,0,6,9395
45645208,27,0,0,0,7,9443
44795561,8,0,0,0,7,9495
44915576,0,0,0,0,6,9543
45533613,4,0,0,0,7,9591
41491223,599,10,8,8,9,9667
41150385,1906,35,26,26,13,9815
44819037,42,0,0,0,7,9867
41207761,196,3,5,4,20,8851
43939761,158,3,1,1,7,8911
45190040,6,0,0,0,7,8963
41785818,6334,1533,79,87,26,8832
42042640,622,9,7,7,8,8908
45657421,895,14,11,11,9,9004
44040783,67,1,0,0,7,9056
45643803,12237,182,147,146,38,9664
44890564,17,0,0,0,7,9716
45599343,37,0,0,0,7,9764
45680989,460,13,5,5,8,9844
38441108,3789,56,46,45,17,10080
43850438,263,6,3,3,7,10148
45682665,20542,316,262,262,61,11200
45666019,4,0,0,0,7,11252
44787939,140,2,1,1,7,11308
43693316,12,0,0,0,7,11360
44300986,15,0,0,0,7,11408
45494799,131,2,1,1,7,11464
45585858,17,0,0,0,7,11516
45654572,7,0,0,0,22,8847
45599344,16,0,0,0,9,8895
45669746,101,2,1,1,8,8947
44861784,0,0,0,0,7,8999
45592027,4,0,0,0,7,9047
45179255,1211,19,14,14,10,9151
44291571,32,0,0,0,7,9203
45516418,0,0,0,0,6,9255
45630873,10,0,0,0,7,9303
45669204,4,0,0,0,7,9351
45691349,6,0,0,0,7,9403
45669913,3,0,0,0,7,9451
44935021,6,0,0,0,7,9499
45679263,4,0,0,0,7,9547
45690669,0,0,0,0,7,9599
43851071,462,6,5,4,8,9663
44274644,53,1,0,0,19,8848
44704354,18,0,0,0,9,8896
44874663,128,2,1,1,8,8952
44091058,4,0,0,0,7,9004
45679799,2422,39,32,32,13,9176
45448931,6143,102,81,77,27,9532
45079821,7,0,0,0,7,9584
40746130,4,0,0,0,7,9632
45659840,4,0,0,0,7,9680
45665877,37,0,0,0,7,9732
45678349,49,1,0,0,7,9780
45653456,3,0,0,0,7,9832
45631753,86,1,1,1,7,9884
45521267,4,0,0,0,7,9936
45660120,76,1,1,0,7,9984
45666653,0,0,0,0,6,10036
45649500,3,0,0,0,19,8847
40612448,37,0,0,0,10,8895
45316580,6,0,0,0,8,8943
45664300,75,1,1,1,7,8995
44990570,4,0,0,0,6,9047
45537896,6084,103,82,76,22,9367
36264407,2502,38,30,31,15,9535
45669641,0,0,0,0,7,9587
45570034,4,0,0,0,7,9639
34879140,6520,101,82,80,26,10015
42389618,21,0,0,0,7,10067
45619643,20,0,0,0,6,10115
44036175,21,0,0,0,6,10167
45626976,13,0,0,0,6,10215
45210152,2196,37,29,28,13,10379
26688177,2420,34,26,27,13,10531
45687436,8,0,0,0,20,8846
45646791,10020,157,124,122,38,9374
44821811,4,0,0,0,7,9426
45605603,14,0,0,0,7,9474
45423946,5,0,0,0,7,9526
45607531,4,0,0,0,7,9574
43053638,4,0,0,0,6,9622
45630079,23,0,0,0,7,9670
45602777,75,1,1,1,7,9722
43918195,14,0,0,0,7,9774
42425036,5069,76,59,57,21,10058
45015283,71,1,0,0,7,10110
43991606,53,1,0,0,7,10162
44935876,212,4,2,2,7,10226
36461026,938,16,13,12,9,10326
43326577,474,7,5,5,8,10398
45016513,3,0,0,0,20,8847
44052611,1108,54,13,13,14,8995
45666361,5,0,0,0,7,9047
45675335,1201,17,13,13,10,9147
44755468,6,0,0,0,7,9199
45648281,1686,25,19,19,11,9323
43068845,6,0,0,0,7,9375
45132449,3,0,0,0,7,9423
44458990,4,0,0,0,7,9475
42480086,182,3,2,2,7,9527
45516460,34,0,0,0,7,9579
43714305,77,1,1,1,7,9631
43316327,87,1,1,1,7,9687
45227928,10,0,0,0,7,9739
45252050,16,0,0,0,7,9787
45678032,69,1,0,0,7,9839
44816084,20,0,0,0,20,8846
43311837,415,7,5,5,11,8910
36867192,2079,31,31,26,12,9062
45084932,9,0,0,0,7,9114
45559611,966,16,13,13,10,9210
43203302,4,0,0,0,7,9262
41976900,80,1,1,1,7,9310
45637977,3,0,0,0,6,9362
35179248,1577,23,19,18,11,9482
34149479,3087,45,35,34,15,9674
45681118,559,20,6,6,8,9766
41225280,37,0,0,0,7,9818
45685419,11,0,0,0,7,9870
40262944,667,10,8,8,8,9950
45595239,74,1,1,0,7,10002
45618172,108,2,1,1,7,10058
45660893,6,0,0,0,22,8847
44874721,151,4,2,2,9,8899
38441303,8,0,0,0,7,8951
45058920,49,1,0,0,7,8999
43297075,925,13,10,10,9,9091
43708619,10,0,0,0,7,9143
42367793,4,0,0,0,6,9195
44653596,4,0,0,0,7,9243
37197001,0,0,0,0,6,9291
45679811,2399,41,33,33,14,9463
45012054,799,13,10,10,9,9555
45651878,29601,462,376,380,91,8972
45599178,38,0,0,0,7,9020
45599188,62,1,0,0,7,9072
44669015,4,0,0,0,7,9124
40612449,32,0,0,0,7,9172
45667294,20,0,0,0,7,9224
44491432,5,0,0,0,7,9276
44891325,575,17,6,7,9,9364
37709917,1371,21,16,16,11,9480
44811191,6,0,0,0,7,9532
44410650,210,5,2,2,7,9588
44166630,0,0,0,0,6,9640
45212823,8,0,0,0,7,9692
28700922,14210,207,169,187,46,10408
45666490,5,0,0,0,7,10460
44556656,357,4,3,3,7,10524
40723188,50,0,0,0,7,10576
44992302,1598,27,19,19,30,8919
45545788,7,0,0,0,6,8971
44484681,19,0,0,0,7,9023
45656258,121,2,1,1,7,9075
45042824,54,1,0,0,7,9127
45449444,0,0,0,0,7,9179
45652100,101,2,1,1,7,9231
45627092,0,0,0,0,7,9283
44018224,4,0,0,0,7,9331
36019426,4823,68,52,50,20,9575
45541389,65,1,0,0,7,9631
45049280,15,0,0,0,7,9683
45584130,7,0,0,0,7,9731
43303539,89,1,1,1,7,9783
45170622,0,0,0,0,6,9835
45563375,356,5,3,3,8,9895
45659058,686,29,8,8,22,8896
45682037,3,0,0,0,6,8948
43331050,3,0,0,0,7,8996
43107218,32,0,0,0,7,9048
45545341,298,4,3,3,7,9108
45689254,5,0,0,0,7,9160
45417923,4,0,0,0,7,9208
45423633,6,0,0,0,7,9256
45091597,7,0,0,0,7,9304
45684249,122,2,1,1,7,9360
45436415,4613,74,59,57,20,9640
37835458,231,3,2,2,7,9700
40012333,39784,621,503,506,114,11572
45537464,11,0,0,0,7,11624
44017104,5,0,0,0,6,11676
44848489,216,4,2,2,8,11736
44099101,21,0,0,0,25,8847
45564317,636,23,7,7,12,8939
44051496,0,0,0,0,7,8991
45683318,3,0,0,0,7,9043
45421319,1,0,0,0,7,9091
39199841,673,10,7,7,8,9167
44977020,9,0,0,0,7,9219
45571635,19,0,0,0,7,9271
45097783,20,0,0,0,7,9319
45584669,6,0,0,0,7,9371
36299406,368,5,4,4,8,9435
44526687,65878,1086,1132,1068,197,10519
25180054,60,1,0,0,7,10567
45591363,0,0,0,0,6,10619
45674285,1248,18,14,13,11,10723
44358577,0,0,0,0,7,10775
43939769,212,5,2,2,7,10835
44820893,5,0,0,0,7,10887
43960001,101,1,1,1,7,10939
45201864,5,0,0,0,7,10991
45492735,60,1,0,0,7,11039
44971058,4,0,0,0,7,11091
44982400,34,0,0,0,7,11139
45642659,4,0,0,0,7,11191
44522617,5,0,0,0,7,11239
42202123,746,11,8,8,9,11319
32235360,6121,94,75,75,24,11675
44635451,3,0,0,0,7,11727
45678776,4,0,0,0,32,8847
45629362,376,6,5,4,22,8907
45669326,78,1,1,1,7,8963
45682817,3,0,0,0,7,9015
40350777,1007,14,11,11,9,9107
44216436,157,3,1,1,7,9163
44002430,4,0,0,0,6,9215
45517919,4,0,0,0,7,9267
43316328,74,1,1,1,7,9315
41918982,101,1,1,1,7,9371
45632484,43,0,0,0,7,9423
45647202,7,0,0,0,7,9471
45623273,0,0,0,0,7,9523
45602829,0,0,0,0,6,9571
40012300,39789,626,505,503,106,11443
45588250,9912,142,114,113,32,11939
45541372,69,1,1,7,27,8847
45573150,7,0,0,0,7,8899
44981737,23,0,0,0,7,8947
45482167,1705,25,19,19,11,9071
38542490,1405,21,16,15,11,9187
34788029,12736,195,155,167,42,9839
44141986,127,3,1,1,7,9895
45537912,6083,88,69,68,22,10219
45660791,7,0,0,0,7,10271
45631799,6,0,0,0,6,10319
45416348,0,0,0,0,6,10371
35179263,1577,23,18,18,11,10491
42961826,184,4,2,2,7,10551
45497710,4,0,0,0,7,10603
42293906,10,0,0,0,6,10651
45684287,2,0,0,0,7,10699
45685446,26,0,0,0,23,8848
45649020,30,0,0,0,17,8896
24209905,276,4,3,3,8,8956
45482141,1576,19,17,17,11,9068
41785844,6293,1376,78,77,26,10820
35020999,4313,63,49,48,18,11072
44787925,118,2,1,1,7,11128
45570015,435,6,5,5,8,11196
45681285,570,18,6,7,8,11288
45417627,16,0,0,0,7,11340
40076013,1163,17,13,13,10,11444
44270431,9,0,0,0,7,11496
44833582,0,0,0,0,7,11544
41390772,532,8,6,6,8,11616
42424761,5,0,0,0,7,11668
41355427,344,5,4,4,7,11732
45687424,9,0,0,0,20,8848
45449583,0,0,0,0,10,8896
45201815,17,0,0,0,8,8944
45626247,34414,528,426,427,94,10588
45510138,59,1,0,0,7,10640
41303660,55,1,0,0,7,10692
43801312,6,0,0,0,6,10744
45688983,0,0,0,0,7,10792
45633654,2678,39,31,30,14,10964
45579371,14,0,0,0,7,11016
45655984,755,10,8,8,8,11100
44828549,15,0,0,0,7,11152
43363583,6,0,0,0,7,11200
45224045,12800,205,169,169,47,11908
43137074,10,0,0,0,7,11960
45683815,2378,39,31,28,13,12116
45677151,149,6,1,2,24,8852
44796116,0,0,0,0,6,8904
42440415,4,0,0,0,6,8952
45575227,33,0,0,0,7,9000
44391089,15,0,0,0,7,9052
43939711,198,4,2,2,7,9112
45533618,3,0,0,0,6,9164
44166580,116,2,1,1,7,9216
43316313,89,1,1,1,7,9268
44884073,1536,23,18,18,11,9396
43767558,13,0,0,0,7,9448
45655257,22,0,0,0,7,9496
44952603,47,1,0,0,7,9548
44796820,16,0,0,0,7,9596
10692244,39529,660,520,527,118,11660
45393476,5,0,0,0,7,11712
45645687,1823,29,21,21,29,8930
42901443,23,0,0,0,7,8982
45659006,493,17,6,5,8,9062
44712575,1,0,0,0,7,9114
45667937,4,0,0,0,7,9166
45654793,4,0,0,0,6,9214
45586850,24,0,0,0,7,9262
45654030,50,1,0,0,7,9314
45602825,0,0,0,0,6,9366
45676806,2900,44,33,32,14,9550
45663709,141,3,1,1,7,9606
44701840,25,0,0,0,7,9658
43285826,73,1,1,0,7,9710
45682042,3,0,0,0,6,9762
45681340,679,26,8,8,9,9858
37576575,3399,49,38,38,15,10066
34149470,3066,47,35,34,33,8987
45628696,4,0,0,0,6,9039
45497279,5,0,0,0,7,9087
45661386,1851,28,21,21,11,9219
45653867,3186,48,38,38,15,9427
45645052,6,0,0,0,7,9479
41785815,4815,1120,60,58,21,10647
42947689,1645,25,20,19,11,10779
40664221,5,0,0,0,7,10831
44987546,74,1,1,0,7,10883
44160310,7,0,0,0,6,10935
25881622,1737,28,22,22,12,11071
45236941,10,0,0,0,7,11123
43985172,5,0,0,0,7,11171
45184207,92,1,1,1,7,11219
44966785,117230,2184,2194,2255,753,9525
44039420,289,4,3,3,7,9581
44608626,92,1,1,1,7,9637
45199750,30,0,0,0,7,9689
45660798,4,0,0,0,6,9737
45655702,227,3,2,2,7,9793
45347967,5,0,0,0,20,9388
44982418,31,0,0,0,10,8904
43996499,6,0,0,0,13,8952
44833144,6,0,0,0,7,9004
45681258,542,19,7,6,8,9088
45677600,317,5,3,3,8,9152
45602680,7,0,0,0,7,9204
41513460,0,0,0,0,7,9256
45564388,593,21,7,7,8,9344
44737130,26,0,0,0,7,9396
43178869,4,0,0,0,7,9448
45008518,4,0,0,0,7,9496
44915579,0,0,0,0,6,9544
45681083,398,10,4,4,8,9616
45065581,4,0,0,0,6,9668
43265597,82,1,1,1,14,9720
41541302,6,0,0,0,22,8853
45169394,4,0,0,0,8,8901
44580695,27,0,0,0,7,8949
44677860,47,0,0,0,7,9001
45612044,4,0,0,0,6,9049
44040781,67,1,0,0,7,9101
37114382,60,1,0,0,7,9153
45638140,7,0,0,0,7,9205
43993091,9,0,0,0,7,9253
45590040,0,0,0,0,6,9301
41763844,460,8,6,6,8,9373
45674775,5,0,0,0,6,9425
45526454,50,1,0,0,7,9473
44816595,4,0,0,0,7,9525
45659307,0,0,0,0,6,9573
41263505,1371,19,15,15,17,9681
45669215,6,0,0,0,21,8853
44539310,6,0,0,0,9,8901
45619298,1714,26,21,20,13,9029
42374298,21,0,0,0,7,9081
44987589,92,1,1,1,7,9133
41763846,0,0,0,0,7,9185
43903989,10,0,0,0,7,9233
44611149,3,0,0,0,7,9285
43960332,3,0,0,0,7,9333
44684063,1,0,0,0,7,9381
45591050,679,22,8,8,9,9481
43993153,41,0,0,0,7,9533
45629736,0,0,0,0,6,9585
45667234,4,0,0,0,6,9633
39199830,908,13,10,10,9,9721
45666467,4,0,0,0,14,9773
43336685,25,0,0,0,20,8853
43900365,151,2,2,1,8,8905
36461029,939,16,13,12,9,9005
44242823,5,0,0,0,7,9057
45677169,162,3,2,1,7,9113
45078516,15,0,0,0,7,9165
45547227,5,0,0,0,7,9213
44032368,158,2,2,2,7,9269
45596026,11,0,0,0,7,9321
45602765,64,1,0,0,7,9369
45262880,14,0,0,0,7,9421
45190033,6,0,0,0,7,9469
45611397,1813,28,22,21,11,9605
45676865,6,0,0,0,7,9657
45590027,0,0,0,0,7,9705
44067114,6,0,0,0,14,9753
44796840,24,0,0,0,19,8853
45608523,3,0,0,0,10,8901
45679095,0,0,0,0,8,8949
43767590,5,0,0,0,7,8997
45677182,177,3,2,2,7,9057
43969463,22,0,0,0,7,9109
45690658,6,0,0,0,6,9157
42958147,3,0,0,0,6,9205
45682683,20529,322,262,261,60,10257
45644949,6,0,0,0,7,10309
44991558,7,0,0,0,7,10357
45564376,619,23,7,7,9,10453
45611402,1819,22,21,20,11,10573
37648146,5169,72,57,56,19,10853
45471982,26596,419,329,320,73,9605
40976899,24,0,0,0,7,9653
45448569,22,0,0,0,7,9705
43869532,6,0,0,0,7,9753
45386749,13773,195,161,160,41,10433
45318224,2465,38,31,31,14,10613
45685868,6,0,0,0,7,10665
45685655,25,0,0,0,7,10713
45454295,17981,273,224,233,55,8985
44242905,5,0,0,0,6,9033
35021033,4241,61,49,48,18,9281
45685461,20,0,0,0,7,9333
45632476,35,0,0,0,7,9381
45627100,4,0,0,0,6,9433
7272624,93733,1467,1485,1477,253,12066
44052507,1050,53,12,12,26,8940
45149964,31,0,0,0,7,8988
45608527,3,0,0,0,7,9040
45677361,5,0,0,0,6,9088
45469442,3,0,0,0,6,9136
45629357,373,5,4,4,7,9200
45641979,4,0,0,0,7,9252
45684068,7,0,0,0,6,9300
40669125,5414,77,62,61,21,9600
44751436,49,1,0,0,7,9652
45662096,22,0,0,0,7,9704
45149972,28,0,0,0,7,9752
33971506,976,14,11,12,9,9848
44179504,4,0,0,0,7,9900
45631737,4,0,0,0,6,9948
42159937,901,13,10,9,17,10036
43960361,9,0,0,0,23,8854
45632025,3,0,0,0,9,8902
45530447,6,0,0,0,8,8950
41627376,8,0,0,0,7,8998
45658851,731,31,9,8,9,9102
43121909,44,0,0,0,7,9154
44052525,1075,47,12,12,10,9302
45085630,38,0,0,0,7,9354
41785822,4755,980,59,57,22,10506
43265621,41,0,0,0,7,10558
43991575,55,1,0,0,7,10610
45664870,124,2,1,1,7,10666
42699495,3,0,0,0,7,10718
44820559,13,0,0,0,7,10766
45036651,252,6,3,3,7,10830
44935849,245,5,3,2,10,10894
45502311,1069,22,13,13,23,8902
38818426,7452,116,92,92,27,9314
39099207,3561,53,41,40,15,9526
45522768,35,0,0,0,7,9578
45640568,6,0,0,0,6,9630
45664322,96,2,1,1,7,9678
45676812,2895,43,33,33,14,9866
44160301,6,0,0,0,7,9918
43939212,7,0,0,0,6,9970
43206819,0,0,0,0,6,10018
44935852,246,5,3,2,7,10078
43058893,3716,59,47,46,17,10318
44987525,12,0,0,0,7,10370
37648147,5180,81,61,59,20,10650
41785801,6043,1131,86,69,25,8912
43507515,4,0,0,0,6,8960
43900356,149,2,1,1,7,9012
41138111,1076,15,12,12,9,9112
42687424,2957,44,36,35,15,9308
45688324,1006,15,11,12,9,9408
44972858,72,1,0,0,7,9460
44491428,5,0,0,0,6,9512
44640777,130,2,1,1,7,9568
43488526,3,0,0,0,6,9620
45632582,174,4,2,2,7,9676
45278871,4,0,0,0,7,9728
45671773,1168,15,12,12,9,9820
38620755,114,1,1,1,7,9876
45676711,4,0,0,0,6,9928
44710944,4,0,0,0,6,9976
45127166,11,0,0,0,10,10024
45581067,493,10,6,5,26,8872
45579612,0,0,0,0,6,8924
45674139,6,0,0,0,6,8976
45628035,3,0,0,0,6,9024
45643127,391,6,4,4,8,9088
43768484,107,2,1,1,7,9144
42849881,15,0,0,0,7,9196
45576963,7,0,0,0,7,9244
42628380,148,2,1,1,7,9296
45584123,8,0,0,0,7,9348
22605883,9679,144,114,112,32,9844
44935030,6,0,0,0,7,9896
44787924,137,3,1,1,7,9948
43983622,49,1,0,0,7,10000
45683149,0,0,0,0,7,10052
44987641,37,0,0,0,10,10100
43979355,23,0,0,0,20,8854
45659143,364,14,4,4,11,8922
45686462,5,0,0,0,6,8974
45555891,1034,16,12,11,9,9074
43104650,7,0,0,0,7,9126
45555905,1008,13,12,12,9,9214
40529037,225,3,2,2,7,9270
45655164,4,0,0,0,7,9322
44704135,0,0,0,0,6,9374
41696014,59,1,0,0,7,9422
29870396,3045,48,36,36,16,9618
45227059,9,0,0,0,7,9670
45608134,1686,23,18,17,10,9790
45466835,128,2,1,1,7,9850
41244034,890,14,11,11,9,9942
45652127,7,0,0,0,10,9994
45423337,6,0,0,0,19,8853
45656429,11,0,0,0,10,8901
45586821,0,0,0,0,8,8949
45494795,134,3,1,1,7,9001
44705371,22956,363,290,289,68,10157
42497888,6,0,0,0,7,10209
45543837,5,0,0,0,7,10257
44774407,0,0,0,0,6,10305
42718498,0,0,0,0,6,10357
45636000,21,0,0,0,7,10405
45662007,3,0,0,0,6,10453
44987661,31,0,0,0,7,10505
43265600,47,1,0,0,7,10553
45518659,41,0,0,0,7,10605
45640143,6,0,0,0,7,10657
45599304,0,0,0,0,10,10705
43190127,13,0,0,0,19,8854
44051487,0,0,0,0,10,8902
45681092,369,10,4,4,9,8970
44704035,8,0,0,0,7,9022
44164424,10,0,0,0,7,9074
45684515,0,0,0,0,6,9122
45682673,20550,323,263,283,61,10174
45689801,15,0,0,0,7,10226
45488752,106,2,1,1,7,10278
45677702,0,0,0,0,6,10330
34788030,12747,194,154,153,39,10978
45116377,11,0,0,0,7,11030
45454304,17981,276,227,228,54,11954
40262960,697,10,7,7,9,12038
41906530,672,9,7,7,8,12114
33971472,988,15,12,11,13,12214
41227241,155,5,2,2,25,8853
45670441,107,2,1,1,7,8909
44526668,65808,1086,1090,1171,187,13433
44880051,5,0,0,0,7,13485
45437200,4,0,0,0,7,13533
40719437,166,3,2,2,7,13589
43183556,7,0,0,0,7,13641
45170783,2,0,0,0,7,13689
43986726,49,1,0,0,7,13737
44821818,4,0,0,0,7,13789
44765361,7,0,0,0,7,13837
45516989,7,0,0,0,7,13885
